{
    "99": {
        "segment11": {
            "25%": 1.5567e-06,
            "50%": 2.3165e-06,
            "75%": 4.8535e-06,
            "count": 226060.0,
            "max": 0.0001826037,
            "mean": 4.4236e-06,
            "min": 5.282e-07,
            "std": 6.419e-06
        },
        "segment21": {
            "25%": 4.307e-07,
            "50%": 8.886e-07,
            "75%": 1.8493e-06,
            "count": 226060.0,
            "max": 0.0008958465,
            "mean": 4.4236e-06,
            "min": 0.0,
            "std": 1.66814e-05
        },
        "segment22": {
            "25%": 2.2e-07,
            "50%": 3.869e-07,
            "75%": 1.9823e-06,
            "count": 226060.0,
            "max": 0.0011833775,
            "mean": 4.4236e-06,
            "min": 7.4e-09,
            "std": 2.03092e-05
        },
        "segment23": {
            "25%": 2.6606e-06,
            "50%": 2.8498e-06,
            "75%": 5.4079e-06,
            "count": 226060.0,
            "max": 4.1018e-05,
            "mean": 4.4236e-06,
            "min": 8.402e-07,
            "std": 3.4612e-06
        },
        "segment31": {
            "25%": 1.2616e-06,
            "50%": 1.5909e-06,
            "75%": 3.3123e-06,
            "count": 226060.0,
            "max": 0.0004302293,
            "mean": 4.4236e-06,
            "min": 2.25e-08,
            "std": 8.7762e-06
        },
        "segment32": {
            "25%": 1.0444e-06,
            "50%": 1.3703e-06,
            "75%": 2.0439e-06,
            "count": 226060.0,
            "max": 0.0005361457,
            "mean": 4.4236e-06,
            "min": 2.78e-08,
            "std": 1.22105e-05
        },
        "segment33": {
            "25%": 1.3327e-06,
            "50%": 1.7631e-06,
            "75%": 2.6201e-06,
            "count": 226060.0,
            "max": 0.0003734085,
            "mean": 4.4236e-06,
            "min": 1.24e-08,
            "std": 1.0407e-05
        },
        "segment42": {
            "25%": 1.4224e-06,
            "50%": 1.6988e-06,
            "75%": 3.4381e-06,
            "count": 226060.0,
            "max": 0.000234956,
            "mean": 4.4236e-06,
            "min": 1.058e-07,
            "std": 8.4444e-06
        },
        "segment44": {
            "25%": 1.4057e-06,
            "50%": 1.7111e-06,
            "75%": 3.2954e-06,
            "count": 226060.0,
            "max": 0.000206589,
            "mean": 4.4236e-06,
            "min": 5.15e-08,
            "std": 7.353e-06
        },
        "segment45": {
            "25%": 1.6308e-06,
            "50%": 2.1736e-06,
            "75%": 3.1404e-06,
            "count": 226060.0,
            "max": 0.00022768,
            "mean": 4.4236e-06,
            "min": 2.74e-08,
            "std": 6.2664e-06
        },
        "segment48": {
            "25%": 1.7995e-06,
            "50%": 2.6166e-06,
            "75%": 3.1101e-06,
            "count": 226060.0,
            "max": 0.0001273146,
            "mean": 4.4236e-06,
            "min": 1.32e-08,
            "std": 6.281e-06
        },
        "segment49": {
            "25%": 9.965e-07,
            "50%": 1.3331e-06,
            "75%": 1.6259e-06,
            "count": 226060.0,
            "max": 0.0015725725,
            "mean": 4.4236e-06,
            "min": 3.7e-09,
            "std": 1.29198e-05
        },
        "segment51": {
            "25%": 1.5468e-06,
            "50%": 2.255e-06,
            "75%": 3.3458e-06,
            "count": 226060.0,
            "max": 0.0003105861,
            "mean": 4.4236e-06,
            "min": 5.8e-09,
            "std": 6.6979e-06
        },
        "segment52": {
            "25%": 1.3848e-06,
            "50%": 2.0131e-06,
            "75%": 2.6917e-06,
            "count": 226060.0,
            "max": 0.000348754,
            "mean": 4.4236e-06,
            "min": 9.6e-09,
            "std": 7.1998e-06
        },
        "segment53": {
            "25%": 1.4687e-06,
            "50%": 1.8618e-06,
            "75%": 3.6501e-06,
            "count": 226060.0,
            "max": 0.0001595868,
            "mean": 4.4236e-06,
            "min": 4.18e-08,
            "std": 6.2305e-06
        },
        "segment54": {
            "25%": 1.5772e-06,
            "50%": 2.4974e-06,
            "75%": 3.576e-06,
            "count": 226060.0,
            "max": 0.0001337275,
            "mean": 4.4236e-06,
            "min": 3.2e-09,
            "std": 5.726e-06
        },
        "segment55": {
            "25%": 8.697e-07,
            "50%": 1.8477e-06,
            "75%": 2.5826e-06,
            "count": 226060.0,
            "max": 9.52737e-05,
            "mean": 4.4236e-06,
            "min": 1e-10,
            "std": 7.2506e-06
        },
        "segment56": {
            "25%": 2.6716e-06,
            "50%": 3.5103e-06,
            "75%": 4.3693e-06,
            "count": 226060.0,
            "max": 2.17837e-05,
            "mean": 4.4236e-06,
            "min": 7.37e-08,
            "std": 2.9017e-06
        },
        "segment61": {
            "25%": 1.6049e-06,
            "50%": 2.251e-06,
            "75%": 3.877e-06,
            "count": 226060.0,
            "max": 9.17616e-05,
            "mean": 4.4236e-06,
            "min": 1.7e-08,
            "std": 5.5973e-06
        },
        "segment62": {
            "25%": 1.1422e-06,
            "50%": 1.6057e-06,
            "75%": 2.2705e-06,
            "count": 226060.0,
            "max": 0.0001640888,
            "mean": 4.4236e-06,
            "min": 8.8e-09,
            "std": 7.2896e-06
        },
        "segment71": {
            "25%": 2.0127e-06,
            "50%": 2.6351e-06,
            "75%": 3.7283e-06,
            "count": 226060.0,
            "max": 0.0001310222,
            "mean": 4.4236e-06,
            "min": 3.14e-08,
            "std": 4.878e-06
        },
        "segment72": {
            "25%": 5.113e-07,
            "50%": 7.713e-07,
            "75%": 1.8679e-06,
            "count": 226060.0,
            "max": 0.0006588899,
            "mean": 4.4236e-06,
            "min": 5e-10,
            "std": 1.2211e-05
        },
        "segment81": {
            "25%": 1.188e-06,
            "50%": 1.5366e-06,
            "75%": 4.5731e-06,
            "count": 226060.0,
            "max": 0.0001296168,
            "mean": 4.4236e-06,
            "min": 2.72e-08,
            "std": 6.6326e-06
        },
        "segment92": {
            "25%": 6.916e-07,
            "50%": 9.286e-07,
            "75%": 3.6214e-06,
            "count": 226060.0,
            "max": 0.0004660315,
            "mean": 4.4236e-06,
            "min": 4.47e-08,
            "std": 9.3718e-06
        },
        "segment99": {
            "25%": 1.276e-07,
            "50%": 3.612e-07,
            "75%": 8.809e-07,
            "count": 226060.0,
            "max": 0.0009600327,
            "mean": 4.4236e-06,
            "min": 0.0,
            "std": 1.55806e-05
        }
    }
}