{
    "99": {
        "segment11": {
            "25%": 1.6137e-06,
            "50%": 2.4151e-06,
            "75%": 4.5016e-06,
            "count": 226060.0,
            "max": 0.0002128878,
            "mean": 4.4236e-06,
            "min": 5.038e-07,
            "std": 6.7095e-06
        },
        "segment21": {
            "25%": 1.7832e-06,
            "50%": 2.8014e-06,
            "75%": 3.6842e-06,
            "count": 226060.0,
            "max": 0.0053939761,
            "mean": 4.4236e-06,
            "min": 1e-10,
            "std": 1.98545e-05
        },
        "segment22": {
            "25%": 1.3509e-06,
            "50%": 2.0343e-06,
            "75%": 3.068e-06,
            "count": 226060.0,
            "max": 0.0063127613,
            "mean": 4.4236e-06,
            "min": 1.1e-09,
            "std": 2.08251e-05
        },
        "segment23": {
            "25%": 2.438e-06,
            "50%": 2.5938e-06,
            "75%": 5.847e-06,
            "count": 226060.0,
            "max": 4.4982e-05,
            "mean": 4.4236e-06,
            "min": 1.0146e-06,
            "std": 3.877e-06
        },
        "segment31": {
            "25%": 1.152e-06,
            "50%": 1.4665e-06,
            "75%": 5.1987e-06,
            "count": 226060.0,
            "max": 0.0001214761,
            "mean": 4.4236e-06,
            "min": 8.85e-08,
            "std": 6.6487e-06
        },
        "segment32": {
            "25%": 1.2291e-06,
            "50%": 1.6814e-06,
            "75%": 3.8383e-06,
            "count": 226060.0,
            "max": 0.0001782323,
            "mean": 4.4236e-06,
            "min": 1.85e-08,
            "std": 7.9373e-06
        },
        "segment33": {
            "25%": 1.0868e-06,
            "50%": 1.4798e-06,
            "75%": 2.5419e-06,
            "count": 226060.0,
            "max": 0.0005174897,
            "mean": 4.4236e-06,
            "min": 4.1e-09,
            "std": 1.29344e-05
        },
        "segment42": {
            "25%": 1.3912e-06,
            "50%": 1.8051e-06,
            "75%": 3.5079e-06,
            "count": 226060.0,
            "max": 0.0002142604,
            "mean": 4.4236e-06,
            "min": 2.05e-08,
            "std": 7.8908e-06
        },
        "segment44": {
            "25%": 1.1314e-06,
            "50%": 1.6099e-06,
            "75%": 2.8655e-06,
            "count": 226060.0,
            "max": 0.0002285035,
            "mean": 4.4236e-06,
            "min": 6.1e-09,
            "std": 8.0402e-06
        },
        "segment45": {
            "25%": 1.1991e-06,
            "50%": 1.5884e-06,
            "75%": 3.8778e-06,
            "count": 226060.0,
            "max": 0.0001714059,
            "mean": 4.4236e-06,
            "min": 2.56e-08,
            "std": 7.2537e-06
        },
        "segment48": {
            "25%": 1.4968e-06,
            "50%": 1.9927e-06,
            "75%": 3.2939e-06,
            "count": 226060.0,
            "max": 0.0001634206,
            "mean": 4.4236e-06,
            "min": 4e-08,
            "std": 7.3369e-06
        },
        "segment49": {
            "25%": 1.0172e-06,
            "50%": 1.2455e-06,
            "75%": 2.5887e-06,
            "count": 226060.0,
            "max": 0.0006747463,
            "mean": 4.4236e-06,
            "min": 2.24e-08,
            "std": 1.15647e-05
        },
        "segment51": {
            "25%": 1.5244e-06,
            "50%": 2.3839e-06,
            "75%": 3.3841e-06,
            "count": 226060.0,
            "max": 0.0001188079,
            "mean": 4.4236e-06,
            "min": 3.8e-09,
            "std": 5.7287e-06
        },
        "segment52": {
            "25%": 1.2888e-06,
            "50%": 1.8459e-06,
            "75%": 2.8482e-06,
            "count": 226060.0,
            "max": 0.0002506205,
            "mean": 4.4236e-06,
            "min": 7.4e-09,
            "std": 7.1094e-06
        },
        "segment53": {
            "25%": 1.4589e-06,
            "50%": 2.0699e-06,
            "75%": 3.9451e-06,
            "count": 226060.0,
            "max": 0.0001249893,
            "mean": 4.4236e-06,
            "min": 1.36e-08,
            "std": 5.9423e-06
        },
        "segment54": {
            "25%": 1.6706e-06,
            "50%": 2.4195e-06,
            "75%": 3.6018e-06,
            "count": 226060.0,
            "max": 0.000124742,
            "mean": 4.4236e-06,
            "min": 7e-09,
            "std": 5.5442e-06
        },
        "segment55": {
            "25%": 1.704e-06,
            "50%": 3.7019e-06,
            "75%": 4.809e-06,
            "count": 226060.0,
            "max": 0.0002388531,
            "mean": 4.4236e-06,
            "min": 4e-10,
            "std": 5.2042e-06
        },
        "segment56": {
            "25%": 2.5526e-06,
            "50%": 3.4841e-06,
            "75%": 4.5383e-06,
            "count": 226060.0,
            "max": 2.4121e-05,
            "mean": 4.4236e-06,
            "min": 3.63e-08,
            "std": 2.9614e-06
        },
        "segment61": {
            "25%": 1.7186e-06,
            "50%": 2.1956e-06,
            "75%": 3.3562e-06,
            "count": 226060.0,
            "max": 0.0002926586,
            "mean": 4.4236e-06,
            "min": 2.18e-08,
            "std": 6.3852e-06
        },
        "segment62": {
            "25%": 8.93e-07,
            "50%": 1.2402e-06,
            "75%": 2.4682e-06,
            "count": 226060.0,
            "max": 0.000172821,
            "mean": 4.4236e-06,
            "min": 4.1e-09,
            "std": 8.1476e-06
        },
        "segment71": {
            "25%": 1.5868e-06,
            "50%": 2.1273e-06,
            "75%": 4.6208e-06,
            "count": 226060.0,
            "max": 8.20382e-05,
            "mean": 4.4236e-06,
            "min": 1.19e-08,
            "std": 5.477e-06
        },
        "segment72": {
            "25%": 7.374e-07,
            "50%": 9.426e-07,
            "75%": 2.2457e-06,
            "count": 226060.0,
            "max": 0.0003672704,
            "mean": 4.4236e-06,
            "min": 1.2e-08,
            "std": 9.8822e-06
        },
        "segment81": {
            "25%": 1.1852e-06,
            "50%": 1.5553e-06,
            "75%": 4.1825e-06,
            "count": 226060.0,
            "max": 0.0001432578,
            "mean": 4.4236e-06,
            "min": 1.64e-08,
            "std": 6.7912e-06
        },
        "segment92": {
            "25%": 1.2046e-06,
            "50%": 1.3904e-06,
            "75%": 1.5909e-06,
            "count": 226060.0,
            "max": 0.001442038,
            "mean": 4.4236e-06,
            "min": 4.9e-09,
            "std": 1.17024e-05
        },
        "segment99": {
            "25%": 5.78e-07,
            "50%": 1.444e-06,
            "75%": 2.0332e-06,
            "count": 226060.0,
            "max": 0.0011621602,
            "mean": 4.4236e-06,
            "min": 0.0,
            "std": 1.22482e-05
        }
    }
}