{
    "0": {
        "columns": [
            "ln_rent",
            "accessibility",
            "reliability",
            "average_income",
            "ln_units",
            "ln_renters"
        ],
        "converged loglik": -6663.4715779946655,
        "est_results": [
            [
                -1.0617017242144415,
                0.1207311883684554,
                -8.793930868751746
            ],
            [
                0.0430062298406389,
                0.052208128058129945,
                0.8237458694698764
            ],
            [
                -0.08688075939897595,
                0.021180579913357617,
                -4.101906546202932
            ],
            [
                -0.9869967259539136,
                0.04099864126345158,
                -24.073888683569038
            ],
            [
                0.6175123951807767,
                0.026019004988838884,
                23.733128743611253
            ],
            [
                0.5086606581084132,
                0.022804025718022113,
                22.305739539068167
            ]
        ],
        "loglik ratio": 0.16937171738166412,
        "null loglik": -8022.2064639911305
    },
    "1": {
        "columns": [
            "ln_rent",
            "accessibility",
            "reliability",
            "average_income",
            "ln_units",
            "ln_renters"
        ],
        "converged loglik": -4921.770244799773,
        "est_results": [
            [
                -1.4675348919889801,
                0.14587566282813624,
                -10.060176341532445
            ],
            [
                0.2609018109245318,
                0.062423439492001,
                4.179548788848202
            ],
            [
                -0.1311751646602746,
                0.024116941935519623,
                -5.4391292648542136
            ],
            [
                0.14618705914103103,
                0.04996788390901415,
                2.925620372622164
            ],
            [
                0.785717353263099,
                0.031869248479585756,
                24.654404818061526
            ],
            [
                0.5032052796258328,
                0.02884635037465696,
                17.444330845676934
            ]
        ],
        "loglik ratio": 0.18478350171160762,
        "null loglik": -6037.378113830369
    },
    "2": {
        "columns": [
            "ln_rent",
            "accessibility",
            "reliability",
            "average_income",
            "ln_units",
            "ln_renters"
        ],
        "converged loglik": -3421.195714257671,
        "est_results": [
            [
                -1.3810033806017923,
                0.16046971668084592,
                -8.606006224516706
            ],
            [
                0.521156676352422,
                0.07274142439540132,
                7.164510190501154
            ],
            [
                -0.14571103162440663,
                0.031070116421451622,
                -4.689748491698728
            ],
            [
                0.9384575697980322,
                0.0603456202949352,
                15.551378297403911
            ],
            [
                0.7040583603677831,
                0.03768439334216393,
                18.683022278616157
            ],
            [
                0.47643014386045285,
                0.0315259981361766,
                15.112293726673208
            ]
        ],
        "loglik ratio": 0.1596117532731165,
        "null loglik": -4070.9704444135573
    },
    "3": {
        "columns": [
            "ln_rent",
            "accessibility",
            "reliability",
            "average_income",
            "ln_units",
            "ln_renters"
        ],
        "converged loglik": -1022.4092713783994,
        "est_results": [
            [
                -1.4993633809109463,
                0.3174599084323109,
                -4.723000735164144
            ],
            [
                0.4967549798669719,
                0.1444069945713841,
                3.4399648115480526
            ],
            [
                -0.16140861395854428,
                0.06347644428018713,
                -2.5428112079826226
            ],
            [
                2.6228658296785543,
                0.1169139709882003,
                22.43415228743937
            ],
            [
                0.6933438959009319,
                0.07068875157494751,
                9.80840487988837
            ],
            [
                0.7176526031093096,
                0.05696665974126061,
                12.597765190531579
            ]
        ],
        "loglik ratio": 0.21826284365076665,
        "null loglik": -1307.868332820614
    }
}