{
    "0": {
        "columns": [
            "ln_price",
            "sales_price x income",
            "accessibility",
            "reliability",
            "average_income",
            "income x income",
            "ln_units"
        ],
        "converged loglik": -6858.779235267614,
        "est_results": [
            [
                -0.6141565698106002,
                0.21350989783277255,
                -2.8764782150363177
            ],
            [
                0.44605980645973053,
                0.16605665194876046,
                2.6861905333209397
            ],
            [
                -0.016927940713106025,
                0.04158570047364489,
                -0.4070615745389254
            ],
            [
                -0.055200109710719356,
                0.017927238498900187,
                -3.079119503771081
            ],
            [
                -0.15907093145745554,
                0.17785512088344094,
                -0.8943848828603828
            ],
            [
                -0.15907212253864203,
                0.16107325735488895,
                -0.9875762441940448
            ],
            [
                0.5532448901083703,
                0.031584775411626374,
                17.516188825098325
            ]
        ],
        "loglik ratio": 0.045890463014297445,
        "null loglik": -7188.670660327331
    },
    "1": {
        "columns": [
            "ln_price",
            "sales_price x income",
            "accessibility",
            "reliability",
            "average_income",
            "income x income",
            "ln_units"
        ],
        "converged loglik": -10997.177370966869,
        "est_results": [
            [
                -1.8256517412561193,
                0.32608587120989796,
                -5.598683973894002
            ],
            [
                1.3504119243593098,
                0.23249339993813814,
                5.808388215401502
            ],
            [
                0.02470145035237587,
                0.043100888701577564,
                0.573107680526127
            ],
            [
                -0.02959885751845335,
                0.015824779480820738,
                -1.8704120050662614
            ],
            [
                0.19923771285757821,
                0.44715989114351423,
                0.44556257572223457
            ],
            [
                0.19923799632305836,
                0.3895911774742014,
                0.5114027417529285
            ],
            [
                0.5795994457938471,
                0.02568467557477867,
                22.56596327667813
            ]
        ],
        "loglik ratio": 0.0576137630777287,
        "null loglik": -11669.50125129419
    },
    "2": {
        "columns": [
            "ln_price",
            "sales_price x income",
            "accessibility",
            "reliability",
            "average_income",
            "income x income",
            "ln_units"
        ],
        "converged loglik": -13322.89723314426,
        "est_results": [
            [
                -2.8219016674791186,
                0.357556588329037,
                -7.892181991853829
            ],
            [
                2.0369994964777987,
                0.24890869973638102,
                8.18372157596413
            ],
            [
                0.19398091795735992,
                0.04335262965846811,
                4.474490232438979
            ],
            [
                -0.06084009112024737,
                0.015352658762131387,
                -3.9628374513419473
            ],
            [
                0.8054067412060333,
                0.6237106322175677,
                1.291314753353579
            ],
            [
                0.8054069498664352,
                0.5333043086135927,
                1.5102202192219591
            ],
            [
                0.5956341351886002,
                0.024764799179485507,
                24.051644064289746
            ]
        ],
        "loglik ratio": 0.0652567445366149,
        "null loglik": -14253.001725633882
    },
    "3": {
        "columns": [
            "ln_price",
            "sales_price x income",
            "accessibility",
            "reliability",
            "average_income",
            "income x income",
            "ln_units"
        ],
        "converged loglik": -7432.18695664449,
        "est_results": [
            [
                -2.256882422515437,
                0.4734746961434409,
                -4.766637881386814
            ],
            [
                1.621656224146265,
                0.32193056460938574,
                5.037285683370576
            ],
            [
                0.34080161302802137,
                0.055364875640945554,
                6.155556371844872
            ],
            [
                -0.1139936333307348,
                0.020619155082908094,
                -5.528530770168557
            ],
            [
                1.3234847170720383,
                0.8731508988646576,
                1.51575714895666
            ],
            [
                1.3234746150399244,
                0.7343951392973164,
                1.8021287781210682
            ],
            [
                0.5543178506325942,
                0.034041864348375424,
                16.28341635345973
            ]
        ],
        "loglik ratio": 0.09332646524042776,
        "null loglik": -8197.20293105867
    }
}