{
    "0": {
        "columns": [
            "ln_price",
            "sales_price x income",
            "accessibility",
            "reliability",
            "average_income",
            "income x income",
            "ln_units"
        ],
        "converged loglik": -6866.317616094298,
        "est_results": [
            [
                -0.5973891066855799,
                0.21346002638086234,
                -2.798599423105564
            ],
            [
                0.4368928839539003,
                0.16605443385608493,
                2.631022092024017
            ],
            [
                -0.020095459254298644,
                0.04157370599656003,
                -0.48336944644678587
            ],
            [
                -0.04883301913149703,
                0.017919705601745058,
                -2.7251016404388677
            ],
            [
                -0.1554121506704456,
                0.17783475223783238,
                -0.8739132746258769
            ],
            [
                -0.15541321762610455,
                0.16107168762896554,
                -0.9648698657960579
            ],
            [
                0.5409427243420039,
                0.03154368360846996,
                17.14900298444385
            ]
        ],
        "loglik ratio": 0.044841815610225044,
        "null loglik": -7188.670660327331
    },
    "1": {
        "columns": [
            "ln_price",
            "sales_price x income",
            "accessibility",
            "reliability",
            "average_income",
            "income x income",
            "ln_units"
        ],
        "converged loglik": -10991.304401861247,
        "est_results": [
            [
                -1.950848187546542,
                0.3261420876981826,
                -5.981589807421267
            ],
            [
                1.4375525529916822,
                0.2326032938081936,
                6.18027599461725
            ],
            [
                0.03891731003199426,
                0.043128690154744694,
                0.9023531642709272
            ],
            [
                -0.03516319641146392,
                0.01582351266360624,
                -2.2222117907067855
            ],
            [
                0.21012517657125282,
                0.4472581719086753,
                0.4698073501363723
            ],
            [
                0.2101242543333208,
                0.38970159588273223,
                0.5391926965486452
            ],
            [
                0.5853346142749722,
                0.02570303560406544,
                22.772976051995588
            ]
        ],
        "loglik ratio": 0.05811703815171432,
        "null loglik": -11669.50125129419
    },
    "2": {
        "columns": [
            "ln_price",
            "sales_price x income",
            "accessibility",
            "reliability",
            "average_income",
            "income x income",
            "ln_units"
        ],
        "converged loglik": -13319.858859438027,
        "est_results": [
            [
                -2.732848763292107,
                0.3576366559973452,
                -7.6414112408891155
            ],
            [
                1.9754164178909905,
                0.24905141535816985,
                7.931761459978345
            ],
            [
                0.18171835385083054,
                0.043379315524719506,
                4.189055351675136
            ],
            [
                -0.05614617079190614,
                0.015344074601095293,
                -3.6591434968582797
            ],
            [
                0.79691532723197,
                0.6237333222332515,
                1.2776539248835503
            ],
            [
                0.7969161593069669,
                0.5333617163652511,
                1.4941382833732133
            ],
            [
                0.5980339007528132,
                0.024760345053060764,
                24.1528904169648
            ]
        ],
        "loglik ratio": 0.06546991883945441,
        "null loglik": -14253.001725633882
    },
    "3": {
        "columns": [
            "ln_price",
            "sales_price x income",
            "accessibility",
            "reliability",
            "average_income",
            "income x income",
            "ln_units"
        ],
        "converged loglik": -7437.024468746827,
        "est_results": [
            [
                -2.1861333643209697,
                0.47344214959665865,
                -4.617530074547462
            ],
            [
                1.5744443487070912,
                0.32201779310773826,
                4.889308548799121
            ],
            [
                0.3291704505439371,
                0.05537999704473371,
                5.943850995117364
            ],
            [
                -0.11001891782586572,
                0.02060668556859155,
                -5.338991438465736
            ],
            [
                1.3133286422072443,
                0.8728132003645889,
                1.504707584232966
            ],
            [
                1.3133177026466354,
                0.734151269010276,
                1.788892504969916
            ],
            [
                0.5531053416584039,
                0.03404008273289973,
                16.248648571110188
            ]
        ],
        "loglik ratio": 0.0927363234392522,
        "null loglik": -8197.20293105867
    }
}