,segment0,segment1,segment2,segment3
count,226060.0,226060.0,226060.0,226060.0
mean,4.423604352826635e-06,4.4236043528266965e-06,4.423604352826689e-06,4.423604352826729e-06
std,3.1465818974451518e-06,2.8773692518853812e-06,3.470450808322711e-06,4.446389086471618e-06
min,1.0626830854603187e-06,6.662870551424696e-07,6.522509564511288e-08,7.632473486017733e-09
25%,2.3607194124002483e-06,2.4847169965725286e-06,1.80381258526974e-06,1.1628476536660725e-06
50%,3.6321861705175254e-06,3.7874695601650667e-06,4.054770955401295e-06,3.164344276222333e-06
75%,5.389690246804764e-06,5.427974436591905e-06,6.099074609107687e-06,6.268257176691794e-06
max,6.031860854108355e-05,5.9297476289404304e-05,6.075793809997446e-05,8.997510477176447e-05
