{
    "0": {
        "columns": [
            "ln_price",
            "sales_price x income",
            "accessibility",
            "reliability",
            "average_income",
            "income x income",
            "ln_units"
        ],
        "converged loglik": -6861.482743632812,
        "est_results": [
            [
                -0.6069371719585173,
                0.21346777545532525,
                -2.843226199663741
            ],
            [
                0.4444067457799704,
                0.16606456673264208,
                2.676108182038912
            ],
            [
                -0.016007113468155133,
                0.041571642271552696,
                -0.38504886007615663
            ],
            [
                -0.05120299490002887,
                0.017921003323258647,
                -2.857150014228022
            ],
            [
                -0.16003772340392577,
                0.17785190120336258,
                -0.8998370122618627
            ],
            [
                -0.1600390806202443,
                0.16108472043756447,
                -0.9935087585310398
            ],
            [
                0.543208288800043,
                0.03151665031036955,
                17.235597166914584
            ]
        ],
        "loglik ratio": 0.045514383973687234,
        "null loglik": -7188.670660327331
    },
    "1": {
        "columns": [
            "ln_price",
            "sales_price x income",
            "accessibility",
            "reliability",
            "average_income",
            "income x income",
            "ln_units"
        ],
        "converged loglik": -10992.991377126948,
        "est_results": [
            [
                -1.8102341435282026,
                0.32617899777896264,
                -5.549818215932222
            ],
            [
                1.3372472200979892,
                0.23262967384614777,
                5.748394854314212
            ],
            [
                0.01963898715297107,
                0.04313009175007612,
                0.45534304139142967
            ],
            [
                -0.02878523980857128,
                0.015821767923435343,
                -1.8193440801223186
            ],
            [
                0.2010815311904031,
                0.4472809173414738,
                0.44956429705425743
            ],
            [
                0.20108169182711969,
                0.3897289861961518,
                0.5159526207935549
            ],
            [
                0.5869325817793732,
                0.025701961270734614,
                22.83610093396571
            ]
        ],
        "loglik ratio": 0.05797247539540007,
        "null loglik": -11669.50125129419
    },
    "2": {
        "columns": [
            "ln_price",
            "sales_price x income",
            "accessibility",
            "reliability",
            "average_income",
            "income x income",
            "ln_units"
        ],
        "converged loglik": -13317.362045226977,
        "est_results": [
            [
                -2.805121503967906,
                0.35758503254028245,
                -7.844627847089503
            ],
            [
                2.024710168028817,
                0.2490143260698493,
                8.13089833016627
            ],
            [
                0.18897843392948907,
                0.04337588582519263,
                4.356762526789269
            ],
            [
                -0.058562376671138346,
                0.015342114459854672,
                -3.8170994502991786
            ],
            [
                0.8108753025397991,
                0.6236948652784307,
                1.3001154052756345
            ],
            [
                0.8108760228176686,
                0.5333285616804188,
                1.5204061456276587
            ],
            [
                0.6013401865822711,
                0.024756530474502735,
                24.290164051929807
            ]
        ],
        "loglik ratio": 0.06564509697098864,
        "null loglik": -14253.001725633882
    },
    "3": {
        "columns": [
            "ln_price",
            "sales_price x income",
            "accessibility",
            "reliability",
            "average_income",
            "income x income",
            "ln_units"
        ],
        "converged loglik": -7438.230222753817,
        "est_results": [
            [
                -2.1273909449882233,
                0.47358213570103147,
                -4.492126675849167
            ],
            [
                1.532837864943826,
                0.322115739788997,
                4.758655587423069
            ],
            [
                0.32014980891089023,
                0.055401205087900994,
                5.778751714929887
            ],
            [
                -0.10869608931440658,
                0.020608880776205662,
                -5.274235437370453
            ],
            [
                1.3047026225889133,
                0.8729104989078613,
                1.4946579565961082
            ],
            [
                1.3046920692132467,
                0.7342484575502611,
                1.7769081511811513
            ],
            [
                0.5533844333086622,
                0.03402858584079978,
                16.26234001899551
            ]
        ],
        "loglik ratio": 0.09258923009324982,
        "null loglik": -8197.20293105867
    }
}