{
    "0": {
        "columns": [
            "ln_price",
            "sales_price x income",
            "accessibility",
            "reliability",
            "average_income",
            "income x income",
            "ln_units"
        ],
        "converged loglik": -6862.869168039419,
        "est_results": [
            [
                -0.5819724544409303,
                0.21340965119322028,
                -2.7270203160306683
            ],
            [
                0.4237100867563598,
                0.1660169360937493,
                2.5522100137849306
            ],
            [
                -0.025283536495805867,
                0.041592587827223026,
                -0.6078856309887355
            ],
            [
                -0.04834537883480322,
                0.01792276865477021,
                -2.6974280461928477
            ],
            [
                -0.15560513291338826,
                0.1777939718723647,
                -0.8751991491876595
            ],
            [
                -0.15560627943052918,
                0.161031144737909,
                -0.9663117012785991
            ],
            [
                0.5459669830112989,
                0.03154471079416705,
                17.30771876698435
            ]
        ],
        "loglik ratio": 0.04532152155556901,
        "null loglik": -7188.670660327331
    },
    "1": {
        "columns": [
            "ln_price",
            "sales_price x income",
            "accessibility",
            "reliability",
            "average_income",
            "income x income",
            "ln_units"
        ],
        "converged loglik": -10991.493118924625,
        "est_results": [
            [
                -1.7885504568962265,
                0.32615667790184716,
                -5.4837155823449635
            ],
            [
                1.3232696845257217,
                0.2326165922206558,
                5.688629825986327
            ],
            [
                0.017590484364563112,
                0.043127991805718455,
                0.4078669937567263
            ],
            [
                -0.02790088442022747,
                0.015821115300803112,
                -1.7635219698330096
            ],
            [
                0.18801645509673448,
                0.44724144006689226,
                0.42039139993068075
            ],
            [
                0.18801663881860475,
                0.3896946438779613,
                0.48247170386433375
            ],
            [
                0.5841649824144531,
                0.025688200391004366,
                22.74059581920029
            ]
        ],
        "loglik ratio": 0.05810086633260114,
        "null loglik": -11669.50125129419
    },
    "2": {
        "columns": [
            "ln_price",
            "sales_price x income",
            "accessibility",
            "reliability",
            "average_income",
            "income x income",
            "ln_units"
        ],
        "converged loglik": -13316.263602175311,
        "est_results": [
            [
                -2.7942326588906763,
                0.3576775096131965,
                -7.812156436429134
            ],
            [
                2.0186102764713016,
                0.249077486776782,
                8.10434657340323
            ],
            [
                0.1881015127410938,
                0.043382716840376166,
                4.335862906723912
            ],
            [
                -0.05856878614105813,
                0.015343271216498174,
                -3.8172294105106355
            ],
            [
                0.8038012530694408,
                0.6237506893610977,
                1.2886578993488045
            ],
            [
                0.8038017369541598,
                0.533381554451165,
                1.5069920027160477
            ],
            [
                0.5992585044973664,
                0.024757300892575242,
                24.20532460697624
            ]
        ],
        "loglik ratio": 0.06572216445984536,
        "null loglik": -14253.001725633882
    },
    "3": {
        "columns": [
            "ln_price",
            "sales_price x income",
            "accessibility",
            "reliability",
            "average_income",
            "income x income",
            "ln_units"
        ],
        "converged loglik": -7440.935981159311,
        "est_results": [
            [
                -2.033382483161437,
                0.47347582199930605,
                -4.294585676149726
            ],
            [
                1.467078736581227,
                0.322045381152649,
                4.555503113661593
            ],
            [
                0.3112656981056458,
                0.05539344907033715,
                5.619178861933814
            ],
            [
                -0.1038546137598768,
                0.020610620846096744,
                -5.038888179806814
            ],
            [
                1.2911182122906644,
                0.8728019828128402,
                1.479279650728665
            ],
            [
                1.291107702909197,
                0.7341498368060568,
                1.7586433152749905
            ],
            [
                0.5517817255236555,
                0.03403504409943664,
                16.212164259625236
            ]
        ],
        "loglik ratio": 0.09225914696266846,
        "null loglik": -8197.20293105867
    }
}