{
    "0": {
        "columns": [
            "ln_rent",
            "accessibility",
            "reliability",
            "average_income",
            "ln_units",
            "ln_renters"
        ],
        "converged loglik": -6655.4875188641845,
        "est_results": [
            [
                -1.0863120918727052,
                0.12051828185367197,
                -9.013670583120806
            ],
            [
                0.04770933853603383,
                0.05232346170213979,
                0.9118154071614634
            ],
            [
                -0.08729344284239673,
                0.021202520896457657,
                -4.117125660136998
            ],
            [
                -0.9865910231762631,
                0.04108418427119652,
                -24.01388857239516
            ],
            [
                0.6206541963433675,
                0.02595063447317909,
                23.91672531108385
            ],
            [
                0.509007103610399,
                0.02282255578226734,
                22.30280904848909
            ]
        ],
        "loglik ratio": 0.17036696216454505,
        "null loglik": -8022.2064639911305
    },
    "1": {
        "columns": [
            "ln_rent",
            "accessibility",
            "reliability",
            "average_income",
            "ln_units",
            "ln_renters"
        ],
        "converged loglik": -4913.468244977533,
        "est_results": [
            [
                -1.4784007444493912,
                0.14592719327565065,
                -10.131084626953326
            ],
            [
                0.2556809505091887,
                0.0624638191668147,
                4.093264771825302
            ],
            [
                -0.13291022770698904,
                0.024138354613281184,
                -5.506184238169258
            ],
            [
                0.14164185788959321,
                0.05000224727127002,
                2.8327098404430497
            ],
            [
                0.7937288705733048,
                0.03191907689031035,
                24.866911825205584
            ],
            [
                0.5088511966869973,
                0.02886161447375264,
                17.630725306436247
            ]
        ],
        "loglik ratio": 0.18615860190671085,
        "null loglik": -6037.378113830369
    },
    "2": {
        "columns": [
            "ln_rent",
            "accessibility",
            "reliability",
            "average_income",
            "ln_units",
            "ln_renters"
        ],
        "converged loglik": -3431.798998200762,
        "est_results": [
            [
                -1.3351284410785864,
                0.16022951920099962,
                -8.332599684105256
            ],
            [
                0.5382509379708655,
                0.07274977246156783,
                7.398661463239795
            ],
            [
                -0.15240742658002332,
                0.03108726386892101,
                -4.9025680491743175
            ],
            [
                0.9394601722416327,
                0.06034316216281928,
                15.568626809890409
            ],
            [
                0.6908047785281093,
                0.03756798431064131,
                18.3881246546527
            ],
            [
                0.4702268024841264,
                0.03153469469348519,
                14.911411290158185
            ]
        ],
        "loglik ratio": 0.15700714484181688,
        "null loglik": -4070.9704444135573
    },
    "3": {
        "columns": [
            "ln_rent",
            "accessibility",
            "reliability",
            "average_income",
            "ln_units",
            "ln_renters"
        ],
        "converged loglik": -1024.3751376188284,
        "est_results": [
            [
                -1.5560973331407186,
                0.3172617169620771,
                -4.904774985274135
            ],
            [
                0.5144124213398547,
                0.14431997683236897,
                3.56438819233845
            ],
            [
                -0.15457115130423218,
                0.06343163893338333,
                -2.436814717440372
            ],
            [
                2.562371781934106,
                0.11689130665712792,
                21.920978173767853
            ],
            [
                0.7036531021175632,
                0.07055837601791594,
                9.972637436254116
            ],
            [
                0.7101002983997486,
                0.05693599897756922,
                12.471903736676389
            ]
        ],
        "loglik ratio": 0.21675973650221347,
        "null loglik": -1307.868332820614
    }
}