{
    "3": {
        "segment0": {
            "25%": 2.3607e-06,
            "50%": 3.6322e-06,
            "75%": 5.3897e-06,
            "count": 226060.0,
            "max": 6.03186e-05,
            "mean": 4.4236e-06,
            "min": 1.0627e-06,
            "std": 3.1466e-06
        },
        "segment1": {
            "25%": 2.4847e-06,
            "50%": 3.7875e-06,
            "75%": 5.428e-06,
            "count": 226060.0,
            "max": 5.92975e-05,
            "mean": 4.4236e-06,
            "min": 6.663e-07,
            "std": 2.8774e-06
        },
        "segment2": {
            "25%": 1.8038e-06,
            "50%": 4.0548e-06,
            "75%": 6.0991e-06,
            "count": 226060.0,
            "max": 6.07579e-05,
            "mean": 4.4236e-06,
            "min": 6.52e-08,
            "std": 3.4705e-06
        },
        "segment3": {
            "25%": 1.1628e-06,
            "50%": 3.1643e-06,
            "75%": 6.2683e-06,
            "count": 226060.0,
            "max": 8.99751e-05,
            "mean": 4.4236e-06,
            "min": 7.6e-09,
            "std": 4.4464e-06
        }
    }
}