{
    "0": {
        "columns": [
            "ln_price",
            "sales_price x income",
            "accessibility",
            "reliability",
            "average_income",
            "income x income",
            "ln_units"
        ],
        "converged loglik": -6860.774807088644,
        "est_results": [
            [
                -0.6244563478674698,
                0.21352565917558597,
                -2.9245026114354165
            ],
            [
                0.45423529179641153,
                0.16606869565518356,
                2.7352252632823837
            ],
            [
                -0.02347464644144328,
                0.041581730874134734,
                -0.5645423109610215
            ],
            [
                -0.04685300501289664,
                0.01792039641415624,
                -2.6145071755156626
            ],
            [
                -0.15735070835388176,
                0.17787011148418222,
                -0.8846382736307824
            ],
            [
                -0.15735194243866613,
                0.1610915111079243,
                -0.9767860600255166
            ],
            [
                0.5471227740329291,
                0.031530792944992364,
                17.352014425625843
            ]
        ],
        "loglik ratio": 0.04561286345308191,
        "null loglik": -7188.670660327331
    },
    "1": {
        "columns": [
            "ln_price",
            "sales_price x income",
            "accessibility",
            "reliability",
            "average_income",
            "income x income",
            "ln_units"
        ],
        "converged loglik": -10996.101243902416,
        "est_results": [
            [
                -1.7860973600660162,
                0.3260541817110281,
                -5.477915819674964
            ],
            [
                1.3199340333585396,
                0.23247249071192724,
                5.677807422789483
            ],
            [
                0.018596848641507745,
                0.04310773185708795,
                0.43140401594685096
            ],
            [
                -0.025384801134792863,
                0.01582670615366057,
                -1.6039219334922443
            ],
            [
                0.19468516889576032,
                0.447221290923352,
                0.43532178106682956
            ],
            [
                0.1946859021348676,
                0.3896404798483845,
                0.49965522630149484
            ],
            [
                0.5841487975438192,
                0.02569220471610107,
                22.736421572171984
            ]
        ],
        "loglik ratio": 0.05770598013493433,
        "null loglik": -11669.50125129419
    },
    "2": {
        "columns": [
            "ln_price",
            "sales_price x income",
            "accessibility",
            "reliability",
            "average_income",
            "income x income",
            "ln_units"
        ],
        "converged loglik": -13319.00998545184,
        "est_results": [
            [
                -2.763779964101787,
                0.35758187487686194,
                -7.729082926961919
            ],
            [
                1.9973845877653553,
                0.24892666755273174,
                8.02398797767313
            ],
            [
                0.18440599475757488,
                0.04335619284968124,
                4.253279235031603
            ],
            [
                -0.05766467042795354,
                0.015351972604073916,
                -3.756173354077717
            ],
            [
                0.8058886236902456,
                0.6237193257405691,
                1.29206934983677
            ],
            [
                0.8058893725256072,
                0.5333162523724003,
                1.5110909688963996
            ],
            [
                0.595365341119893,
                0.024760482524803378,
                24.044981373989632
            ]
        ],
        "loglik ratio": 0.06552947639810269,
        "null loglik": -14253.001725633882
    },
    "3": {
        "columns": [
            "ln_price",
            "sales_price x income",
            "accessibility",
            "reliability",
            "average_income",
            "income x income",
            "ln_units"
        ],
        "converged loglik": -7432.271003552218,
        "est_results": [
            [
                -2.2035352941742814,
                0.4734997440528167,
                -4.653720137868728
            ],
            [
                1.5836814084267248,
                0.32194855867691136,
                4.919051089823372
            ],
            [
                0.3413750594629885,
                0.05536718366851883,
                6.165656926073533
            ],
            [
                -0.11848825609163109,
                0.02062019724838066,
                -5.746223213307825
            ],
            [
                1.3217527134476084,
                0.8727725086324577,
                1.5144298203419069
            ],
            [
                1.321744358040317,
                0.7340907912739154,
                1.800518919119811
            ],
            [
                0.5558396334767595,
                0.034035066070418465,
                16.33138106230582
            ]
        ],
        "loglik ratio": 0.09331621212013363,
        "null loglik": -8197.20293105867
    }
}