{
    "3": {
        "segment0": {
            "25%": 8.52e-07,
            "50%": 2.1267e-06,
            "75%": 4.5395e-06,
            "count": 226060.0,
            "max": 0.0004853175,
            "mean": 4.4236e-06,
            "min": 1.48e-08,
            "std": 8.9337e-06
        },
        "segment1": {
            "25%": 9.136e-07,
            "50%": 2.1203e-06,
            "75%": 4.2665e-06,
            "count": 226060.0,
            "max": 0.0004747948,
            "mean": 4.4236e-06,
            "min": 4.3e-09,
            "std": 9.7127e-06
        },
        "segment2": {
            "25%": 1.0769e-06,
            "50%": 2.3927e-06,
            "75%": 4.7465e-06,
            "count": 226060.0,
            "max": 0.0002235181,
            "mean": 4.4236e-06,
            "min": 5e-09,
            "std": 8.0172e-06
        },
        "segment3": {
            "25%": 6.311e-07,
            "50%": 1.7699e-06,
            "75%": 4.4041e-06,
            "count": 226060.0,
            "max": 0.0004242215,
            "mean": 4.4236e-06,
            "min": 3e-10,
            "std": 1.0942e-05
        }
    }
}