{
    "3": {
        "segment0": {
            "25%": 2.3574e-06,
            "50%": 3.653e-06,
            "75%": 5.4069e-06,
            "count": 226060.0,
            "max": 5.91085e-05,
            "mean": 4.4236e-06,
            "min": 1.0896e-06,
            "std": 3.1339e-06
        },
        "segment1": {
            "25%": 2.4324e-06,
            "50%": 3.7663e-06,
            "75%": 5.4353e-06,
            "count": 226060.0,
            "max": 6.22525e-05,
            "mean": 4.4236e-06,
            "min": 6.61e-07,
            "std": 2.9594e-06
        },
        "segment2": {
            "25%": 1.8203e-06,
            "50%": 4.0679e-06,
            "75%": 6.101e-06,
            "count": 226060.0,
            "max": 5.98577e-05,
            "mean": 4.4236e-06,
            "min": 6.75e-08,
            "std": 3.4417e-06
        },
        "segment3": {
            "25%": 1.162e-06,
            "50%": 3.166e-06,
            "75%": 6.2678e-06,
            "count": 226060.0,
            "max": 8.99315e-05,
            "mean": 4.4236e-06,
            "min": 7.3e-09,
            "std": 4.4476e-06
        }
    }
}