{
    "3": {
        "segment0": {
            "25%": 2.3662e-06,
            "50%": 3.6372e-06,
            "75%": 5.3945e-06,
            "count": 226060.0,
            "max": 5.97301e-05,
            "mean": 4.4236e-06,
            "min": 1.0699e-06,
            "std": 3.1325e-06
        },
        "segment1": {
            "25%": 2.5123e-06,
            "50%": 3.7622e-06,
            "75%": 5.4133e-06,
            "count": 226060.0,
            "max": 6.04574e-05,
            "mean": 4.4236e-06,
            "min": 6.4e-07,
            "std": 2.8846e-06
        },
        "segment2": {
            "25%": 1.8132e-06,
            "50%": 4.0667e-06,
            "75%": 6.1035e-06,
            "count": 226060.0,
            "max": 6.03594e-05,
            "mean": 4.4236e-06,
            "min": 6.82e-08,
            "std": 3.4497e-06
        },
        "segment3": {
            "25%": 1.1656e-06,
            "50%": 3.1658e-06,
            "75%": 6.2661e-06,
            "count": 226060.0,
            "max": 9.04767e-05,
            "mean": 4.4236e-06,
            "min": 7.4e-09,
            "std": 4.4447e-06
        }
    }
}