{
    "3": {
        "segment0": {
            "25%": 8.544e-07,
            "50%": 2.1294e-06,
            "75%": 4.5467e-06,
            "count": 226060.0,
            "max": 0.0004816943,
            "mean": 4.4236e-06,
            "min": 1.55e-08,
            "std": 8.9017e-06
        },
        "segment1": {
            "25%": 9.368e-07,
            "50%": 2.1546e-06,
            "75%": 4.3057e-06,
            "count": 226060.0,
            "max": 0.0004564074,
            "mean": 4.4236e-06,
            "min": 4.7e-09,
            "std": 9.5238e-06
        },
        "segment2": {
            "25%": 1.0625e-06,
            "50%": 2.3708e-06,
            "75%": 4.7019e-06,
            "count": 226060.0,
            "max": 0.0002299949,
            "mean": 4.4236e-06,
            "min": 5.2e-09,
            "std": 8.1707e-06
        },
        "segment3": {
            "25%": 6.321e-07,
            "50%": 1.7702e-06,
            "75%": 4.416e-06,
            "count": 226060.0,
            "max": 0.0004246446,
            "mean": 4.4236e-06,
            "min": 3e-10,
            "std": 1.09284e-05
        }
    }
}