,segment0,segment1,segment2,segment3
count,226060.0,226060.0,226060.0,226060.0
mean,4.423604352826482e-06,4.423604352826642e-06,4.423604352826773e-06,4.4236043528266745e-06
std,8.93370537412931e-06,9.712690852436911e-06,8.017177309863074e-06,1.094202495154107e-05
min,1.4845686439942147e-08,4.327719432193203e-09,5.017097289536641e-09,2.9990315823876526e-10
25%,8.519608757793846e-07,9.136214949322807e-07,1.076932226199595e-06,6.31052758191147e-07
50%,2.1266789790134432e-06,2.120258332947076e-06,2.3926649841542998e-06,1.7699417380711014e-06
75%,4.539512390575619e-06,4.2665053336735635e-06,4.74652825999831e-06,4.404053212436733e-06
max,0.00048531751788417394,0.00047479478063041427,0.00022351808112445397,0.0004242215241225517
