{
    "0": {
        "columns": [
            "ln_price",
            "sales_price x income",
            "accessibility",
            "reliability",
            "average_income",
            "income x income",
            "ln_units"
        ],
        "converged loglik": -6859.6147443225345,
        "est_results": [
            [
                -0.5659967029649281,
                0.21347011008044292,
                -2.6514096177288753
            ],
            [
                0.4092928501723415,
                0.16606654914196994,
                2.4646315124091482
            ],
            [
                -0.02440488148718547,
                0.04156475886364067,
                -0.5871532075345195
            ],
            [
                -0.048372722668745254,
                0.01791687673322375,
                -2.699841238459067
            ],
            [
                -0.15566227435546198,
                0.17785147934037235,
                -0.8752374449332263
            ],
            [
                -0.15566353053526558,
                0.16108706280855975,
                -0.9663316707205739
            ],
            [
                0.5523553962641973,
                0.03155312308264396,
                17.505569728152352
            ]
        ],
        "loglik ratio": 0.04577423720643958,
        "null loglik": -7188.670660327331
    },
    "1": {
        "columns": [
            "ln_price",
            "sales_price x income",
            "accessibility",
            "reliability",
            "average_income",
            "income x income",
            "ln_units"
        ],
        "converged loglik": -11005.74240242837,
        "est_results": [
            [
                -1.8338193165926076,
                0.3260780282483093,
                -5.623866552566827
            ],
            [
                1.3525245781904909,
                0.23255954785264088,
                5.815820466969195
            ],
            [
                0.01900117035341794,
                0.04311612859379209,
                0.4406975063191028
            ],
            [
                -0.026318143975376924,
                0.015816225089284066,
                -1.66399654954381
            ],
            [
                0.20307138241853165,
                0.4471938892490544,
                0.45410142513247914
            ],
            [
                0.2030712497267953,
                0.3896457765723435,
                0.5211688716689892
            ],
            [
                0.5826045926308012,
                0.025689658754382266,
                22.678564873167797
            ]
        ],
        "loglik ratio": 0.05687979585178993,
        "null loglik": -11669.50125129419
    },
    "2": {
        "columns": [
            "ln_price",
            "sales_price x income",
            "accessibility",
            "reliability",
            "average_income",
            "income x income",
            "ln_units"
        ],
        "converged loglik": -13319.251317789578,
        "est_results": [
            [
                -2.7748404372615663,
                0.35760883326133946,
                -7.759429239919589
            ],
            [
                2.0019883020946216,
                0.24903130083526986,
                8.039103098204126
            ],
            [
                0.18413935427928707,
                0.04337737749635248,
                4.2450550242409415
            ],
            [
                -0.05795993946907432,
                0.015343779893176887,
                -3.7774225042714606
            ],
            [
                0.8084128652626134,
                0.623742911961298,
                1.2960674177773641
            ],
            [
                0.8084131417485986,
                0.5333684223716749,
                1.5156749215746788
            ],
            [
                0.6017651730575925,
                0.024758344965102628,
                24.30554925645443
            ]
        ],
        "loglik ratio": 0.06551254436214393,
        "null loglik": -14253.001725633882
    },
    "3": {
        "columns": [
            "ln_price",
            "sales_price x income",
            "accessibility",
            "reliability",
            "average_income",
            "income x income",
            "ln_units"
        ],
        "converged loglik": -7441.407908452935,
        "est_results": [
            [
                -2.100198757276847,
                0.47356785952452335,
                -4.434842261857701
            ],
            [
                1.515027555004984,
                0.32210223645054853,
                4.703561116805788
            ],
            [
                0.3304287891569679,
                0.05538720333376203,
                5.965796596838651
            ],
            [
                -0.10976244566593536,
                0.020609146139886285,
                -5.325909424918125
            ],
            [
                1.2872492848516799,
                0.8729025193273204,
                1.474677018739349
            ],
            [
                1.2872391269276295,
                0.7342358780636905,
                1.7531683827849793
            ],
            [
                0.547316491822113,
                0.03403373633736112,
                16.08158699934708
            ]
        ],
        "loglik ratio": 0.09220157521562344,
        "null loglik": -8197.20293105867
    }
}