{
    "0": {
        "columns": [
            "ln_price",
            "sales_price x income",
            "accessibility",
            "reliability",
            "average_income",
            "income x income",
            "ln_units"
        ],
        "converged loglik": -6861.797280351297,
        "est_results": [
            [
                -0.6078893430259424,
                0.21345101712965883,
                -2.847910266254134
            ],
            [
                0.44312446366975744,
                0.166047565072461,
                2.6686598112798805
            ],
            [
                -0.019841728929262826,
                0.04158317963027929,
                -0.47715756961535555
            ],
            [
                -0.05232833115797878,
                0.01792413893158552,
                -2.9194334722415567
            ],
            [
                -0.157615270896548,
                0.1778249029462369,
                -0.8863509457064119
            ],
            [
                -0.15761650046485648,
                0.16105910853423516,
                -0.9786251885987131
            ],
            [
                0.5467307759206953,
                0.03155758032053236,
                17.32486364187355
            ]
        ],
        "loglik ratio": 0.04547062946978153,
        "null loglik": -7188.670660327331
    },
    "1": {
        "columns": [
            "ln_price",
            "sales_price x income",
            "accessibility",
            "reliability",
            "average_income",
            "income x income",
            "ln_units"
        ],
        "converged loglik": -10992.477402464248,
        "est_results": [
            [
                -1.7868958717489292,
                0.32617608636909207,
                -5.478316610025561
            ],
            [
                1.3180730948040835,
                0.23263302975241795,
                5.66588973288469
            ],
            [
                0.02008236418397759,
                0.0431303021932491,
                0.46562076226586113
            ],
            [
                -0.027391593418274875,
                0.015820580963853678,
                -1.7313898573546858
            ],
            [
                0.2019727477137547,
                0.44729382969215326,
                0.45154378242320264
            ],
            [
                0.20197257560676335,
                0.3897362766376756,
                0.5182288324536191
            ],
            [
                0.5917896182468919,
                0.025707409236414337,
                23.02019673801383
            ]
        ],
        "loglik ratio": 0.05801651966529908,
        "null loglik": -11669.50125129419
    },
    "2": {
        "columns": [
            "ln_price",
            "sales_price x income",
            "accessibility",
            "reliability",
            "average_income",
            "income x income",
            "ln_units"
        ],
        "converged loglik": -13320.827084096303,
        "est_results": [
            [
                -2.803124575624597,
                0.3576964964227101,
                -7.8366005920057615
            ],
            [
                2.0240766962551366,
                0.24909195866578016,
                8.12582111079285
            ],
            [
                0.18296276321513663,
                0.04338221057938889,
                4.217460585147387
            ],
            [
                -0.056558759006978744,
                0.015343429702857998,
                -3.6861875149363525
            ],
            [
                0.8121547611528719,
                0.6237763042539172,
                1.3019968145860707
            ],
            [
                0.8121554809955452,
                0.5334031858054311,
                1.522592107824032
            ],
            [
                0.5962247206773167,
                0.024754846760004518,
                24.085171136692903
            ]
        ],
        "loglik ratio": 0.06540198755894844,
        "null loglik": -14253.001725633882
    },
    "3": {
        "columns": [
            "ln_price",
            "sales_price x income",
            "accessibility",
            "reliability",
            "average_income",
            "income x income",
            "ln_units"
        ],
        "converged loglik": -7437.858977661734,
        "est_results": [
            [
                -2.1803793772753237,
                0.47328579355846656,
                -4.606898003174427
            ],
            [
                1.5697220519562012,
                0.32191168902711287,
                4.876250553995857
            ],
            [
                0.3278495588123474,
                0.0553733925365868,
                5.920705663748662
            ],
            [
                -0.1128153252094538,
                0.02060725116671083,
                -5.474545066529633
            ],
            [
                1.312880414183394,
                0.8726256057291629,
                1.5045174076531433
            ],
            [
                1.3128707954292989,
                0.7339952374095992,
                1.7886639156715176
            ],
            [
                0.5523003368748202,
                0.034045576227158494,
                16.222381821055645
            ]
        ],
        "loglik ratio": 0.09263451933339739,
        "null loglik": -8197.20293105867
    }
}