{
    "3": {
        "segment0": {
            "25%": 2.3474e-06,
            "50%": 3.6664e-06,
            "75%": 5.4195e-06,
            "count": 226060.0,
            "max": 5.83749e-05,
            "mean": 4.4236e-06,
            "min": 1.1075e-06,
            "std": 3.1311e-06
        },
        "segment1": {
            "25%": 2.4332e-06,
            "50%": 3.7806e-06,
            "75%": 5.4396e-06,
            "count": 226060.0,
            "max": 6.06771e-05,
            "mean": 4.4236e-06,
            "min": 6.755e-07,
            "std": 2.923e-06
        },
        "segment2": {
            "25%": 1.8072e-06,
            "50%": 4.0644e-06,
            "75%": 6.0994e-06,
            "count": 226060.0,
            "max": 6.01341e-05,
            "mean": 4.4236e-06,
            "min": 6.61e-08,
            "std": 3.4615e-06
        },
        "segment3": {
            "25%": 1.1682e-06,
            "50%": 3.1634e-06,
            "75%": 6.2687e-06,
            "count": 226060.0,
            "max": 8.94117e-05,
            "mean": 4.4236e-06,
            "min": 8.3e-09,
            "std": 4.4402e-06
        }
    }
}