,segment0,segment1,segment2,segment3
count,226060.0,226060.0,226060.0,226060.0
mean,4.423604352826729e-06,4.423604352826723e-06,4.42360435282674e-06,4.423604352826856e-06
std,3.133891188429271e-06,2.9594338664825613e-06,3.441682032558083e-06,4.447553097392846e-06
min,1.089570783550547e-06,6.610180443424643e-07,6.749041313260818e-08,7.25407312376315e-09
25%,2.357425334197855e-06,2.4324457071987996e-06,1.8203407589105278e-06,1.1620462607802753e-06
50%,3.6529757879071655e-06,3.7662816102331728e-06,4.0678810442562214e-06,3.1659849234004826e-06
75%,5.406862163945502e-06,5.435319911176902e-06,6.1010446267649245e-06,6.267796472284877e-06
max,5.9108542109937545e-05,6.225251800717456e-05,5.9857673271453345e-05,8.99314586944994e-05
