,segment0,segment1,segment2,segment3
count,226060.0,226060.0,226060.0,226060.0
mean,4.4236043528268354e-06,4.423604352826718e-06,4.423604352826436e-06,4.423604352826676e-06
std,3.132475354568161e-06,2.8845630056543095e-06,3.449730807928257e-06,4.444699178713556e-06
min,1.0698783910042248e-06,6.400132136000907e-07,6.821331070871856e-08,7.362929467306447e-09
25%,2.366178629257803e-06,2.5123054040339882e-06,1.8132448946688908e-06,1.1656470204709772e-06
50%,3.6372455552478468e-06,3.762170390873867e-06,4.066704802705977e-06,3.165832674829705e-06
75%,5.394465467738004e-06,5.4132831017228e-06,6.103451329262898e-06,6.266061590505761e-06
max,5.973010509420857e-05,6.045740432473451e-05,6.035939595162907e-05,9.047674064513179e-05
