{
    "0": {
        "columns": [
            "ln_price",
            "sales_price x income",
            "accessibility",
            "reliability",
            "average_income",
            "income x income",
            "ln_units"
        ],
        "converged loglik": -6861.264592890281,
        "est_results": [
            [
                -0.6557905287035696,
                0.21347226508771996,
                -3.0720174746545754
            ],
            [
                0.4769759935542406,
                0.16606430990956816,
                2.872236628171232
            ],
            [
                -0.026835663844139233,
                0.04157817353940829,
                -0.6454267121354926
            ],
            [
                -0.04567132095409679,
                0.017919696671429945,
                -2.5486659619028216
            ],
            [
                -0.15046386821182964,
                0.1778493421817206,
                -0.8460186940589896
            ],
            [
                -0.15046516916908384,
                0.16108552266199092,
                -0.934070093218793
            ],
            [
                0.5518139059006157,
                0.03154224499576975,
                17.494439789387904
            ]
        ],
        "loglik ratio": 0.045544730438679126,
        "null loglik": -7188.670660327331
    },
    "1": {
        "columns": [
            "ln_price",
            "sales_price x income",
            "accessibility",
            "reliability",
            "average_income",
            "income x income",
            "ln_units"
        ],
        "converged loglik": -10998.657989352969,
        "est_results": [
            [
                -1.866986311649019,
                0.32614941793271823,
                -5.724328203566385
            ],
            [
                1.376804043765089,
                0.23260849417697796,
                5.918975782189453
            ],
            [
                0.02841803136732831,
                0.043119151065086285,
                0.6590582297047699
            ],
            [
                -0.03236898606589672,
                0.015819510144876762,
                -2.046143386834238
            ],
            [
                0.20142082897508456,
                0.44728107387261173,
                0.45032271817620073
            ],
            [
                0.20142183067164912,
                0.3897159592718989,
                0.5168426539368899
            ],
            [
                0.5853946626183292,
                0.025701435556688638,
                22.77673016852103
            ]
        ],
        "loglik ratio": 0.0574868837575061,
        "null loglik": -11669.50125129419
    },
    "2": {
        "columns": [
            "ln_price",
            "sales_price x income",
            "accessibility",
            "reliability",
            "average_income",
            "income x income",
            "ln_units"
        ],
        "converged loglik": -13322.503405131205,
        "est_results": [
            [
                -2.788914250431745,
                0.35758456475228406,
                -7.799313855629532
            ],
            [
                2.014644972866621,
                0.24901166874767203,
                8.090564522532866
            ],
            [
                0.17895485933121472,
                0.04338166230006915,
                4.125126835698259
            ],
            [
                -0.05557847422502965,
                0.015343920001390041,
                -3.6221822207098753
            ],
            [
                0.8118080359786092,
                0.6236428367456603,
                1.3017194909426788
            ],
            [
                0.8118080094989347,
                0.5332913458486622,
                1.522259860052764
            ],
            [
                0.5968339110241265,
                0.024761633466073775,
                24.103172023843104
            ]
        ],
        "loglik ratio": 0.0652843757697148,
        "null loglik": -14253.001725633882
    },
    "3": {
        "columns": [
            "ln_price",
            "sales_price x income",
            "accessibility",
            "reliability",
            "average_income",
            "income x income",
            "ln_units"
        ],
        "converged loglik": -7440.825603704735,
        "est_results": [
            [
                -2.161609734019862,
                0.47367274300590084,
                -4.563508806317221
            ],
            [
                1.5542766695182078,
                0.32217386433834294,
                4.824341268992341
            ],
            [
                0.32471394682344795,
                0.05539734345767158,
                5.86154365094344
            ],
            [
                -0.10833419859137108,
                0.020610972767604745,
                -5.256141949866876
            ],
            [
                1.3075766661296084,
                0.8731996764840074,
                1.4974543639258397
            ],
            [
                1.3075651475454906,
                0.7344814603738409,
                1.780256164505443
            ],
            [
                0.5550898348096033,
                0.03404810712247634,
                16.303104099527726
            ]
        ],
        "loglik ratio": 0.09227261222094063,
        "null loglik": -8197.20293105867
    }
}