{
    "Flex": {
        "columns": [
            "accessibility",
            "reliability",
            "ln_stories",
            "const"
        ],
        "est_results": [
            [
                0.032237018962532747,
                0.016180172895746938,
                1.9923779041326841
            ],
            [
                -0.0084758301744390641,
                0.0088566654974229671,
                -0.95700014603749961
            ],
            [
                0.36247281473114368,
                0.049067439927045299,
                7.387237142799326
            ],
            [
                1.8043715189053997,
                0.18902677905457893,
                9.5455867572308986
            ]
        ],
        "rsquared": 0.040586424197183724,
        "rsquared_adj": 0.038553768316245463
    },
    "Industrial": {
        "columns": [
            "accessibility",
            "reliability",
            "ln_stories",
            "const"
        ],
        "est_results": [
            [
                0.052162401835585195,
                0.016322140876233206,
                3.1958063731418509
            ],
            [
                -0.041302545460543058,
                0.0081508946757145873,
                -5.0672407267883228
            ],
            [
                0.38493565243782202,
                0.066813646326597892,
                5.7613328055197419
            ],
            [
                1.5827918297907348,
                0.1880109493468943,
                8.4186151673026508
            ]
        ],
        "rsquared": 0.03096949695946849,
        "rsquared_adj": 0.029358919946104733
    },
    "Office": {
        "columns": [
            "accessibility",
            "reliability",
            "ln_stories",
            "const"
        ],
        "est_results": [
            [
                0.079639645052132821,
                0.013817636735843108,
                5.763622721789079
            ],
            [
                -0.02041176340528883,
                0.0071464130526178839,
                -2.8562249697855857
            ],
            [
                0.20147250322987367,
                0.015046777582176899,
                13.389744224605302
            ],
            [
                1.972054339343865,
                0.13792048501827203,
                14.298487560296808
            ]
        ],
        "rsquared": 0.089036414722334256,
        "rsquared_adj": 0.088070045996792135
    },
    "Retail": {
        "columns": [
            "accessibility",
            "reliability",
            "ln_stories",
            "const"
        ],
        "est_results": [
            [
                0.25557462676426684,
                0.025458767129809198,
                10.038766820920376
            ],
            [
                -0.090167909068751481,
                0.012466937899976381,
                -7.2325626222075199
            ],
            [
                0.17940394605912419,
                0.054608243388347057,
                3.2852905518914293
            ],
            [
                0.43594254752568573,
                0.25122451920153699,
                1.7352707009301289
            ]
        ],
        "rsquared": 0.099030346692893456,
        "rsquared_adj": 0.096597485342829303
    }
}