{
    "null": {
        "columns": [
            "accessibility",
            "reliability",
            "average_income",
            "ln_unit_sqft",
            "const"
        ],
        "est_results": [
            [
                0.17970265960470386,
                0.0061593852523604388,
                29.175421286700171
            ],
            [
                -0.024701579943493864,
                0.0028555867809695362,
                -8.650264144697827
            ],
            [
                0.13746579860039826,
                0.011202811367531797,
                12.270651900718804
            ],
            [
                -0.31140841206501235,
                0.011051047162109119,
                -28.179086334256429
            ],
            [
                -0.94665583537460174,
                0.14713041951683209,
                -6.4341272082507857
            ]
        ],
        "rsquared": 0.32986953669635499,
        "rsquared_adj": 0.32924514306644248
    }
}