{
    "null": {
        "columns": [
            "historic",
            "new",
            "accessibility",
            "reliability",
            "average_income",
            "ln_unit_sqft",
            "ln_lot_size",
            "const"
        ],
        "est_results": [
            [
                0.27082624419476581,
                0.003055293199602487,
                88.641654499804474
            ],
            [
                0.17180492558477842,
                0.0049495023071724278,
                34.711555813563777
            ],
            [
                0.24654526385290218,
                0.0015470553858033019,
                159.36421288814077
            ],
            [
                -0.065190287601905303,
                0.00079042558731536364,
                -82.474920660552598
            ],
            [
                1.0050064851166938,
                0.0034402245070438301,
                292.13398226160871
            ],
            [
                -0.3086769880386378,
                0.0026698324239102858,
                -115.6166152130791
            ],
            [
                -0.010194253639282157,
                0.00045603314858902905,
                -22.354194362456493
            ],
            [
                -5.9865214575533567,
                0.0371931553447402,
                -160.95761174508581
            ]
        ],
        "rsquared": 0.44011603934916077,
        "rsquared_adj": 0.4400972772902465
    }
}