year,shrs1,shrs2,shrs3,shrs4,shrq1,shrq2,shrq3,shrq4,shrw0,shrw1,shrw2,shrw3,shra1,shra2,shra3,shra4,shrn,shry
2010,0.261088572,0.305917164,0.164542644,0.26845162,0.267727099,0.261134534,0.227520123,0.243618245,0.230929163,0.398910124,0.295972705,0.074188007,0.246834938,0.21150562,0.418157777,0.123501665,0.666496122,0.333503878
2015,0.245568455,0.314453036,0.173643266,0.266335244,0.278576043,0.248529794,0.216649743,0.25624442,0.183635599,0.356862748,0.343827023,0.11567463,0.232317989,0.216133259,0.410372481,0.141176271,0.68611028,0.31388972
2020,0.245610295,0.314457486,0.173629422,0.266302797,0.303566045,0.257221407,0.194218017,0.244994531,0.183635599,0.356862748,0.343827023,0.11567463,0.226757008,0.184128597,0.418139247,0.170975147,0.69362384,0.30637616
2025,0.24561686,0.314457352,0.173627424,0.266298364,0.309661515,0.255126872,0.190639356,0.244572257,0.183635599,0.356862748,0.343827023,0.11567463,0.213049247,0.169746263,0.41699225,0.200212239,0.71214468,0.28785532
2030,0.245644249,0.314460039,0.173618398,0.266277314,0.328611537,0.259657771,0.17801313,0.233717562,0.183635599,0.356862748,0.343827023,0.11567463,0.197595457,0.177667659,0.397236006,0.227500878,0.73302462,0.26697538
2035,0.245675903,0.314462803,0.173607993,0.266253302,0.354406514,0.267088711,0.157904505,0.220600269,0.183635599,0.356862748,0.343827023,0.11567463,0.183029011,0.182078781,0.381854887,0.253037321,0.75270565,0.24729435
2040,0.245644979,0.314457526,0.173618689,0.266278806,0.334419695,0.251052454,0.174872666,0.239655185,0.183635599,0.356862748,0.343827023,0.11567463,0.180345374,0.187586404,0.374021675,0.258046548,0.75633157,0.24366843
2045,0.245617565,0.314452557,0.173628209,0.266301669,0.32040454,0.240119831,0.181694383,0.257781246,0.183635599,0.356862748,0.343827023,0.115674629,0.183577755,0.190557129,0.369298527,0.256566589,0.75196423,0.24803577
2050,0.245597151,0.31444867,0.173635351,0.266318827,0.311772591,0.232181557,0.184777972,0.27126788,0.183635599,0.356862748,0.343827023,0.115674629,0.1862761,0.184748319,0.367228291,0.26174729,0.74831844,0.25168156