year,shrs1,shrs2,shrs3,shrs4,shrq1,shrq2,shrq3,shrq4,shrw0,shrw1,shrw2,shrw3,shra1,shra2,shra3,shra4,shrn,shry
2010,0.261088572,0.305917164,0.164542644,0.26845162,0.267726529,0.260929679,0.22762594,0.243717852,0.230929163,0.398910124,0.295972705,0.074188007,0.250228957,0.216330829,0.416958694,0.116481519,0.666496122,0.333503878
2015,0.245568716,0.314453087,0.173643175,0.266335023,0.278673466,0.248609002,0.216635831,0.256081701,0.183635599,0.356862748,0.343827023,0.11567463,0.234341161,0.223287621,0.410085999,0.132285218,0.68767130,0.31232870
2020,0.245513968,0.314442292,0.173662364,0.266381376,0.261013381,0.229022207,0.22280267,0.287161742,0.183635599,0.356862748,0.343827023,0.115674629,0.236765333,0.200787545,0.410605859,0.151841264,0.68444037,0.31555963
2025,0.245496676,0.31443858,0.173668521,0.266396223,0.25752704,0.219938042,0.225752949,0.296781968,0.183635599,0.356862748,0.343827023,0.11567463,0.228337556,0.187859789,0.408715007,0.175087647,0.69567287,0.30432713
2030,0.245482921,0.314435544,0.173673447,0.266408088,0.255435079,0.211937469,0.228038253,0.304589198,0.183635599,0.356862748,0.343827023,0.11567463,0.218341967,0.187333061,0.396879347,0.197445626,0.70899494,0.29100506
2035,0.245499149,0.314437138,0.173668104,0.26639561,0.264347312,0.211098049,0.223297094,0.301257545,0.183635599,0.356862748,0.343827023,0.11567463,0.209217232,0.189438504,0.384782667,0.216561596,0.72115634,0.27884366
2040,0.245421715,0.31442489,0.173694741,0.266458654,0.238574392,0.1910133,0.241397841,0.329014468,0.183635599,0.356862748,0.343827023,0.11567463,0.206777051,0.194167603,0.376639736,0.22241561,0.72440860,0.27559140
2045,0.245359788,0.314414296,0.173716327,0.266509588,0.220757732,0.176658066,0.251029538,0.351554665,0.183635599,0.356862748,0.343827023,0.11567463,0.207410162,0.19693657,0.372462546,0.223190722,0.72356479,0.27643521
2050,0.245309817,0.314405307,0.173733912,0.266550965,0.207311401,0.165338028,0.258413678,0.368936893,0.183635599,0.356862748,0.343827023,0.115674629,0.210306071,0.195127339,0.368160741,0.226405849,0.71970514,0.28029486