year,shrs1,shrs2,shrs3,shrs4,shrq1,shrq2,shrq3,shrq4,shrw0,shrw1,shrw2,shrw3,shra1,shra2,shra3,shra4,shrn,shry
2010,0.261088572,0.305917164,0.164542644,0.26845162,0.267726529,0.260929679,0.22762594,0.243717852,0.230929163,0.398910124,0.295972705,0.074188007,0.246835,0.211506,0.418158,0.123502,0.666496122,0.333503878
2015,0.245568716,0.314453087,0.173643175,0.266335023,0.278673466,0.248609002,0.216635831,0.256081701,0.183635599,0.356862748,0.343827023,0.11567463,0.232318,0.216133,0.410372,0.141176,0.68611028,0.31388972
2020,0.245533331,0.314446019,0.173655582,0.266365068,0.266972401,0.23592987,0.220129038,0.276968691,0.183635599,0.356862748,0.343827023,0.11567463,0.235592,0.207028,0.402582,0.154799,0.68168717,0.31831283
2025,0.245530197,0.314444313,0.173656929,0.266368561,0.268750814,0.232680304,0.215076628,0.283492254,0.183635599,0.356862748,0.343827023,0.11567463,0.230930,0.202367,0.394508,0.172196,0.68798566,0.31201434
2030,0.245519222,0.314441551,0.173660929,0.266378298,0.267237963,0.226546569,0.214458296,0.291757172,0.183635599,0.356862748,0.343827023,0.11567463,0.226859,0.206750,0.379587,0.186804,0.69348564,0.30651436
2035,0.245538148,0.314443462,0.173654683,0.266363706,0.277353372,0.228532098,0.20626182,0.287852711,0.183635599,0.356862748,0.343827023,0.11567463,0.225010,0.203425,0.373049,0.198515,0.69598392,0.30401608
2040,0.245461984,0.314431415,0.173680869,0.266425731,0.249744042,0.20899645,0.223217953,0.318041556,0.183635599,0.356862748,0.343827023,0.115674629,0.226662,0.204736,0.370271,0.198331,0.69375246,0.30624754
2045,0.245391592,0.314419413,0.173705393,0.266483601,0.22829046,0.193581741,0.232295294,0.345832506,0.183635599,0.356862748,0.343827023,0.11567463,0.229830,0.206588,0.367866,0.195715,0.68947124,0.31052876
2050,0.245327041,0.314407813,0.173728128,0.266537018,0.210255418,0.180221523,0.239913292,0.369609767,0.183635599,0.356862748,0.343827023,0.11567463,0.234031,0.205798,0.363858,0.196313,0.68379599,0.31620401