year,shrs1,shrs2,shrs3,shrs4,shrq1,shrq2,shrq3,shrq4,shrw0,shrw1,shrw2,shrw3,shra1,shra2,shra3,shra4,shrn,shry
2010,0.261088572,0.305917164,0.164542644,0.26845162,0.267726529,0.260929679,0.22762594,0.243717852,0.230929163,0.398910124,0.295972705,0.074188007,0.246834938,0.21150562,0.418157777,0.123501665,0.666496122,0.333503878
2015,0.245568716,0.314453087,0.173643175,0.266335023,0.278673466,0.248609002,0.216635831,0.256081701,0.183635599,0.356862748,0.343827023,0.11567463,0.232317989,0.216133259,0.410372481,0.141176271,0.686110278,0.313889722
2020,0.245513968,0.314442292,0.173662364,0.266381376,0.261013381,0.229022207,0.22280267,0.287161742,0.183635599,0.356862748,0.343827023,0.115674629,0.231788511,0.196815373,0.409977137,0.161418978,0.686825666,0.313174334
2025,0.245496676,0.31443858,0.173668521,0.266396223,0.25752704,0.219938042,0.225752949,0.296781968,0.183635599,0.356862748,0.343827023,0.11567463,0.222931533,0.184857642,0.407016471,0.185194353,0.698792515,0.301207485
2030,0.245482921,0.314435544,0.173673447,0.266408088,0.255435079,0.211937469,0.228038253,0.304589198,0.183635599,0.356862748,0.343827023,0.11567463,0.213207426,0.188380714,0.39145943,0.20695243,0.711930962,0.288069038
2035,0.245499149,0.314437138,0.173668104,0.26639561,0.264347312,0.211098049,0.223297094,0.301257545,0.183635599,0.356862748,0.343827023,0.11567463,0.204524576,0.1877963,0.381358822,0.226320302,0.723662542,0.276337458
2040,0.245421715,0.31442489,0.173694741,0.266458654,0.238574392,0.1910133,0.241397841,0.329014468,0.183635599,0.356862748,0.343827023,0.11567463,0.20250362,0.192254488,0.374854939,0.230386954,0.726393099,0.273606901
2045,0.245359788,0.314414296,0.173716327,0.266509588,0.220757732,0.176658066,0.251029538,0.351554665,0.183635599,0.356862748,0.343827023,0.11567463,0.204003772,0.194289133,0.37019703,0.231510065,0.724366212,0.275633788
2050,0.245309817,0.314405307,0.173733912,0.266550965,0.207311401,0.165338028,0.258413678,0.368936893,0.183635599,0.356862748,0.343827023,0.115674629,0.206675615,0.191296756,0.365581204,0.236446424,0.720756229,0.279243771
