year,shrs1,shrs2,shrs3,shrs4,shrq1,shrq2,shrq3,shrq4,shrw0,shrw1,shrw2,shrw3,shra1,shra2,shra3,shra4,shrn,shry
2010,0.266171134,0.311210816,0.163982783,0.258635266,0.267726529,0.260929679,0.22762594,0.243717852,0.181425112,0.367707641,0.340528881,0.110338366,0.246834938,0.21150562,0.418157777,0.123501665,0.666496122,0.333503878
2015,0.245568716,0.314453087,0.173643175,0.266335023,0.278673466,0.248609002,0.216635831,0.256081701,0.183635599,0.356862748,0.343827023,0.11567463,0.232317989,0.216133259,0.410372481,0.141176271,0.686110278,0.313889722
2020,0.245533331,0.314446019,0.173655582,0.266365068,0.266972401,0.23592987,0.220129038,0.276968691,0.183635599,0.356862748,0.343827023,0.11567463,0.235591644,0.207027786,0.402581846,0.154798724,0.681687174,0.318312826
2025,0.245530197,0.314444313,0.173656929,0.266368561,0.268750814,0.232680304,0.215076628,0.283492254,0.183635599,0.356862748,0.343827023,0.11567463,0.230929969,0.202366623,0.394507886,0.172195521,0.68798566,0.31201434
2030,0.245519222,0.314441551,0.173660929,0.266378298,0.267237963,0.226546569,0.214458296,0.291757172,0.183635599,0.356862748,0.343827023,0.11567463,0.22685929,0.206750136,0.379586744,0.18680383,0.693485641,0.306514359
2035,0.245538148,0.314443462,0.173654683,0.266363706,0.277353372,0.228532098,0.20626182,0.287852711,0.183635599,0.356862748,0.343827023,0.11567463,0.22501025,0.203425153,0.373049399,0.198515198,0.695983917,0.304016083
2040,0.245461984,0.314431415,0.173680869,0.266425731,0.249744042,0.20899645,0.223217953,0.318041556,0.183635599,0.356862748,0.343827023,0.115674629,0.226661812,0.204736305,0.370271042,0.198330842,0.693752458,0.306247542
2045,0.245391592,0.314419413,0.173705393,0.266483601,0.22829046,0.193581741,0.232295294,0.345832506,0.183635599,0.356862748,0.343827023,0.11567463,0.229830455,0.206588387,0.367865846,0.195715312,0.689471238,0.310528762
2050,0.245327041,0.314407813,0.173728128,0.266537018,0.210255418,0.180221523,0.239913292,0.369609767,0.183635599,0.356862748,0.343827023,0.11567463,0.234030856,0.205798231,0.363858237,0.196312676,0.683795986,0.316204014
