year,shrs1,shrs2,shrs3,shrs4,shrq1,shrq2,shrq3,shrq4,shrw0,shrw1,shrw2,shrw3,shra1,shra2,shra3,shra4,shrn,shry
2010,0.266171134,0.311210816,0.163982783,0.258635266,0.267726529,0.260929679,0.22762594,0.243717852,0.181425112,0.367707641,0.340528881,0.110338366,0.246834939,0.21150562,0.418157777,0.123501665,0.666496122,0.333503878
2015,0.245568716,0.314453087,0.173643175,0.266335023,0.278673466,0.248609002,0.216635831,0.256081701,0.183635599,0.356862748,0.343827023,0.11567463,0.232318019,0.216133287,0.410372535,0.141176159,0.686110238,0.313889762
2020,0.245513968,0.314442292,0.173662364,0.266381376,0.261013381,0.229022207,0.22280267,0.287161742,0.183635599,0.356862748,0.343827023,0.115674629,0.231788367,0.196814681,0.409977429,0.161419523,0.686825862,0.313174138
2025,0.245496676,0.31443858,0.173668521,0.266396223,0.25752704,0.219938042,0.225752949,0.296781968,0.183635599,0.356862748,0.343827023,0.11567463,0.222930869,0.184856172,0.407017241,0.185195717,0.698793413,0.301206587
2030,0.245482921,0.314435544,0.173673447,0.266408088,0.255435079,0.211937469,0.228038253,0.304589198,0.183635599,0.356862748,0.343827023,0.11567463,0.213206993,0.188381175,0.39145888,0.206952952,0.711931547,0.288068453
2035,0.245499149,0.314437138,0.173668104,0.26639561,0.264347312,0.211098049,0.223297094,0.301257545,0.183635599,0.356862748,0.343827023,0.11567463,0.206993527,0.193067596,0.379055489,0.220883389,0.720326692,0.279673308
2040,0.245421715,0.31442489,0.173694741,0.266458654,0.238574392,0.1910133,0.241397841,0.329014468,0.183635599,0.356862748,0.343827023,0.11567463,0.203877357,0.193643389,0.374654166,0.227825088,0.724537014,0.275462986
2045,0.245359788,0.314414296,0.173716327,0.266509588,0.220757732,0.176658066,0.251029538,0.351554665,0.183635599,0.356862748,0.343827023,0.11567463,0.204254324,0.192111754,0.371873984,0.231759938,0.724027687,0.275972313
2050,0.245309817,0.314405307,0.173733912,0.266550965,0.207311401,0.165338028,0.258413678,0.368936893,0.183635599,0.356862748,0.343827023,0.115674629,0.206274538,0.188995004,0.367503912,0.237226546,0.721298133,0.278701867
